Company,Fiscal Year,Total Revenue,Net Income,Total Assets,Total Liabilities,Cash Flow from Operating Activities,Revenue Growth (%),Net Income Growth (%),Cash Flow Growth (%)
Apple,2022,394328,99903,351002,287912,122151,,,
Apple,2023,383285,96995,352755,278658,110543,-2.800460530319937,-2.9108234987938353,-9.502992198180937
Apple,2024,394311,100919,374691,289845,114304,2.8767105417639716,4.045569359245316,3.4022959391368124
Microsoft,2022,198270,72738,364840,191791,89381,,,
Microsoft,2023,211915,72438,395694,198298,91999,6.8820295556564215,-0.41243916522313295,2.929034134771369
Microsoft,2024,227073,80567,420284,211915,94813,7.152867895146642,11.22201054695049,3.058728899227159
Tesla,2022,81462,5539,62131,30978,14072,,,
Tesla,2023,94859,12556,82339,39967,14338,16.445704745771028,126.68351688030329,1.8902785673678313
Tesla,2024,96773,13584,97154,42862,14612,2.0177315805564033,8.187320802803445,1.911005719068215
